" and rule %s."," and rule %s."
" people"," people"
" Please check <a href="%s">Shopping Card Price Rules</a> and <a href="%s">Spread The Word Rules</a>."," Please check <a href="%s">Shopping Card Price Rules</a> and <a href="%s">Spread The Word Rules</a>."
" Please check <a href="%s">Shopping Card Price Rules</a>."," Please check <a href="%s">Shopping Card Price Rules</a>."
" rule #%d,"," rule #%d,"
" rule #%d."," rule #%d."
" Service Targeting for Friends: Please change overlapping date ranges or add "minimum number of friends" condition."," Service Targeting for Friends: Please change overlapping date ranges or add "minimum number of friends" condition."
" Service Targeting for Friends: Please change overlapping date ranges or enter a different "minimum number of friends" condition."," Service Targeting for Friends: Please change overlapping date ranges or enter a different "minimum number of friends" condition."
" Service Targeting for Senders: Please change overlapping date ranges or add "minimum number of friends" condition."," Service Targeting for Senders: Please change overlapping date ranges or add "minimum number of friends" condition."
" Service Targeting for Senders: Please change overlapping date ranges or enter a different "minimum number of friends" condition."," Service Targeting for Senders: Please change overlapping date ranges or enter a different "minimum number of friends" condition."
" The maximum discount is %s."," The maximum discount is %s."
"",""
"%d friends were invited via %s","%d friends were invited via %s"
"%d friends were invited via %s.","%d friends were invited via %s."
"%d imported / ","%d imported / "
"%d invited friends","%d invited friends"
"%d invited","%d invited"
"%d invitees responded","%d invitees responded"
"%d message(s) were successfully queued.","%d message(s) were successfully queued."
"%d non-activated account(s) were successfully deleted.","%d non-activated account(s) were successfully deleted."
"%d non-activated accounts were successfully deleted.","%d non-activated accounts were successfully deleted."
"%d order(s)","%d order(s)"
"%d place","%d place"
"%d selected / ","%d selected / "
"%d skipped / ","%d skipped / "
"%s days later","%s days later"
"%s Discount Information:","%s Discount Information:"
"%s friends","%s friends"
"%s Invitation Stats","%s Invitation Stats"
"%s plugin is successfully installed.","%s plugin is successfully installed."
"%s Verification Code","%s Verification Code"
"* Select service provider","* Select service provider"
", rule %s",", rule %s"
"- Discount rule <strong>"%s" (id #%d)</strong> expired on <strong>%s</strong>. The following Spread The Word rules were disabled:","- Discount rule <strong>"%s" (id #%d)</strong> expired on <strong>%s</strong>. The following Spread The Word rules were disabled:"
"- Discount rule <strong>"%s" (id #%d)</strong> will expire on <strong>%s</strong>. The following Spread The Word rules will be affected: :","- Discount rule <strong>"%s" (id #%d)</strong> will expire on <strong>%s</strong>. The following Spread The Word rules will be affected: :"
"-- Please Select --","-- Please Select --"
"1 day","1 day"
"1 Hour","1 Hour"
"1 month","1 month"
"1 week","1 week"
"10 minutes","10 minutes"
"12 Hours","12 Hours"
"2 days","2 days"
"2 Hours","2 Hours"
"2 months","2 months"
"2 weeks","2 weeks"
"20 minutes","20 minutes"
"24 Hours","24 Hours"
"3 days","3 days"
"3 Hours","3 Hours"
"3 weeks","3 weeks"
"30 minutes","30 minutes"
"4 days","4 days"
"4 Hours","4 Hours"
"40 minutes","40 minutes"
"5 days","5 days"
"5 Hours","5 Hours"
"5 minutes","5 minutes"
"50 minutes","50 minutes"
"6 days","6 days"
"6 Hours","6 Hours"
"<br/>Please check coupon code configuration before expiration date otheweise all active rules will be desactivated and Spread The Word will be switched in default mode - "Invitation Only".","<br/>Please check coupon code configuration before expiration date otheweise all active rules will be desactivated and Spread The Word will be switched in default mode - "Invitation Only"."
"<br/>Spread The Word will not send expired coupon  codes to your customers.","<br/>Spread The Word will not send expired coupon  codes to your customers."
"A confirmation has been sent to your email address.","A confirmation has been sent to your email address."
"According to the number of friends you selected, the discount your friends will get is %s. Please select more friends to send them a discount!","According to the number of friends you selected, the discount your friends will get is %s. Please select more friends to send them a discount!"
"According to the number of friends you selected, your discount is %s. Please select more friends to get a discount!","According to the number of friends you selected, your discount is %s. Please select more friends to get a discount!"
"Action","Action"
"Add a new condition to the rule for a particular service.","Add a new condition to the rule for a particular service."
"add a personal message","add a personal message"
"Add Level","Add Level"
"Add OAuth provider settings","Add OAuth provider settings"
"Add Recipient","Add Recipient"
"Add Rule","Add Rule"
"Add Special Service Rule Condition","Add Special Service Rule Condition"
"Address book file size limit: %s mb.","Address book file size limit: %s mb."
"Address Book Files","Address Book Files"
"Address book upload failed. Please try to re-upload it.","Address book upload failed. Please try to re-upload it."
"Address Books","Address Books"
"All affected Spread The Word rules were disabled. Please check the extension rules and their configuration.","All affected Spread The Word rules were disabled. Please check the extension rules and their configuration."
"All Rule Types","All Rule Types"
"All Services","All Services"
"All Types","All Types"
"Amount Type","Amount Type"
"An error occured while sending invitations. Please try again letter.","An error occured while sending invitations. Please try again letter."
"An error occurred while sending emails","An error occurred while sending emails"
"An error occurred while sending invitations. Please try again later.","An error occurred while sending invitations. Please try again later."
"and get a discount!","and get a discount!"
"and give them discounts!","and give them discounts!"
"Any","Any"
"Applies to Any of the Specified Order Statuses","Applies to Any of the Specified Order Statuses"
"Apply the discount now","Apply the discount now"
"Apply this discount to your cart right now.","Apply this discount to your cart right now."
"Are you sure you want to delete all selected rules?","Are you sure you want to delete all selected rules?"
"Assigned discount does not exist","Assigned discount does not exist"
"Assigned discount is expired","Assigned discount is expired"
"Authorization guide","Authorization guide"
"Back to services","Back to services"
"Buyer","Buyer"
"By customer\'s browser locale","By customer\'s browser locale"
"By store locale","By store locale"
"By the most common first characters of the friends\' names","By the most common first characters of the friends\' names"
"Captcha verification is required. To continue sending messages, please enter the code you see on the picture.","Captcha verification is required. To continue sending messages, please enter the code you see on the picture."
"Captcha Verification","Captcha Verification"
"change them to:","change them to:"
"characters left:","characters left:"
"Checking data integrity","Checking data integrity"
"Choose where to take your friend list from.","Choose where to take your friend list from."
"Code","Code"
"Code:","Code:"
"Condition","Condition"
"Connection error. Please try again later.","Connection error. Please try again later."
"Continue","Continue"
"Copy the verification code from %s pop-up window and submit it below.","Copy the verification code from %s pop-up window and submit it below."
"copy with discount amount %s for rule id #%d","copy with discount amount %s for rule id #%d"
"coupon code "%s" (id #%s)","coupon code "%s" (id #%s)"
"coupon code "%s" (id #%s), ","coupon code "%s" (id #%s), "
"create a new coupon code","create a new coupon code"
"CSV","CSV"
"Current Configuration Scope:","Current Configuration Scope:"
"Customer Type","Customer Type"
"Customer Types","Customer Types"
"Customer","Customer"
"Customers & Visitors","Customers & Visitors"
"Customers","Customers"
"customize","customize"
"Date ranges of the following rule exceptions overlap: rule %s","Date ranges of the following rule exceptions overlap: rule %s"
"Date selector","Date selector"
"Date","Date"
"Day","Day"
"Default Config","Default Config"
"default configuration","default configuration"
"Default Mode ("Invitation Only")","Default Mode ("Invitation Only")"
"Default Mode - "Invitation Only"","Default Mode - "Invitation Only""
"Default Mode","Default Mode"
"Delete accounts manually","Delete accounts manually"
"Delete accounts using cron job","Delete accounts using cron job"
"Delete all failed invitations","Delete all failed invitations"
"Delete all rules that are not in use","Delete all rules that are not in use"
"Delete Condition","Delete Condition"
"Delete Level","Delete Level"
"Delete non-activated accounts","Delete non-activated accounts"
"Delete the selected messages","Delete the selected messages"
"Deleting or changing Coupon, Status or Discount Amount fields will disable all active rules associated with this discount and switch Spread The Word to the default mode ("Invitation Only").","Deleting or changing Coupon, Status or Discount Amount fields will disable all active rules associated with this discount and switch Spread The Word to the default mode ("Invitation Only")."
"Details","Details"
"Discount Amount","Discount Amount"
"Discount Amount: ","Discount Amount: "
"Discount Amount: %s","Discount Amount: %s"
"Discount Code","Discount Code"
"Discount Code: %s","Discount Code: %s"
"Discount Configuration for Friends","Discount Configuration for Friends"
"Discount Expiration Date","Discount Expiration Date"
"Discount for Friends tab:  Please select discount rules for all dynamic discount levels.","Discount for Friends tab:  Please select discount rules for all dynamic discount levels."
"Discount for Friends tab: Please check discount amounts of the discount levels. The greater the percentage of selected friends is, the greater the discount amount should be.","Discount for Friends tab: Please check discount amounts of the discount levels. The greater the percentage of selected friends is, the greater the discount amount should be."
"Discount for Friends tab: Please enter valid percent values (0 to 100) for all dynamic discount levels.","Discount for Friends tab: Please enter valid percent values (0 to 100) for all dynamic discount levels."
"Discount for Friends tab: Some discount levels contain duplicate percent values.","Discount for Friends tab: Some discount levels contain duplicate percent values."
"Discount for Friends tab: Some discount levels contain the same discount amount.","Discount for Friends tab: Some discount levels contain the same discount amount."
"Discount for Friends","Discount for Friends"
"Discount for Senders tab: Please check discount amounts of the discount levels. The greater the percentage of selected friends is, the greater the discount amount should be.","Discount for Senders tab: Please check discount amounts of the discount levels. The greater the percentage of selected friends is, the greater the discount amount should be."
"Discount for Senders tab: Please enter valid percent values (0 to 100) for all dynamic discount levels.","Discount for Senders tab: Please enter valid percent values (0 to 100) for all dynamic discount levels."
"Discount for Senders tab: Please select discount rules for all dynamic discount levels.","Discount for Senders tab: Please select discount rules for all dynamic discount levels."
"Discount for Senders tab: Some discount levels contain duplicate percent values.","Discount for Senders tab: Some discount levels contain duplicate percent values."
"Discount for Senders tab: Some discount levels contain the same discount amount.","Discount for Senders tab: Some discount levels contain the same discount amount."
"Discount for Senders","Discount for Senders"
"Discount for your friends:","Discount for your friends:"
"Discount Name","Discount Name"
"Discount Rule","Discount Rule"
"Discount Type","Discount Type"
"discount_information.txt","discount_information.txt"
"Do not delete accounts","Do not delete accounts"
"Don\'t forget to come here again, sometimes you and your friends may get discounts!","Don\'t forget to come here again, sometimes you and your friends may get discounts!"
"Don\'t forget to come here again, the discount amounts may change every day!","Don\'t forget to come here again, the discount amounts may change every day!"
"Don\'t forget to come here again, the discount terms may change every day!","Don\'t forget to come here again, the discount terms may change every day!"
"Download discount information","Download discount information"
"Download the discount information as a text file for future reference.","Download the discount information as a text file for future reference."
"Dynamic Discount Levels","Dynamic Discount Levels"
"Dynamic discount with pre-defined levels","Dynamic discount with pre-defined levels"
"Dynamic discount","Dynamic discount"
"E-mail Services","E-mail Services"
"Edit Rule "%s"","Edit Rule "%s""
"Elapsed time:","Elapsed time:"
"Email Address","Email Address"
"Email Address:","Email Address:"
"Email Services","Email Services"
"Email Type","Email Type"
"Email","Email"
"Empty Rows","Empty Rows"
"Errors","Errors"
"Estimated time left:","Estimated time left:"
"Events","Events"
"Excel XML","Excel XML"
"existing customer","existing customer"
"Expiration Date: %s","Expiration Date: %s"
"Expiration Date:","Expiration Date:"
"Failed On","Failed On"
"Failed","Failed"
"Filter","Filter"
"Fixed Discount Rule","Fixed Discount Rule"
"Fixed Discount","Fixed Discount"
"Fixed","Fixed"
"Frequency of Use increase/decrease (color)","Frequency of Use increase/decrease (color)"
"Frequency of Use","Frequency of Use"
"Friend (invitee)","Friend (invitee)"
"Friend List","Friend List"
"from %s","from %s"
"From Date","From Date"
"From","From"
"Full Name:","Full Name:"
"General","General"
"Generating account and sending login information","Generating account and sending login information"
"get a discount by giving coupon codes to your friends!","get a discount by giving coupon codes to your friends!"
"Get the discount above by inviting your friends!","Get the discount above by inviting your friends!"
"Get your contact list by uploading %s address book file.","Get your contact list by uploading %s address book file."
"Get your discount code and enjoy shopping with your friends!","Get your discount code and enjoy shopping with your friends!"
"Get your discount code and enjoy shopping!","Get your discount code and enjoy shopping!"
"Getting information about the queue","Getting information about the queue"
"Give your friends the discount above by inviting them!","Give your friends the discount above by inviting them!"
"Given To","Given To"
"Global","Global"
"Gmail Google","Gmail Google"
"Gross Orders","Gross Orders"
"Gross Profit","Gross Profit"
"Gross Profit: ","Gross Profit: "
"Gross Sales Items","Gross Sales Items"
"Group By","Group By"
"Group","Group"
"Grouping Condition","Grouping Condition"
"Hide Filter","Hide Filter"
"hide options","hide options"
"hide personal message","hide personal message"
"Hotmail Microsoft","Hotmail Microsoft"
"How soon the invited people came to your shop %s?","How soon the invited people came to your shop %s?"
"ID","ID"
"images/addinmage_logo.png","images/addinmage_logo.png"
"Imported Friends","Imported Friends"
"Imported Friends:","Imported Friends:"
"Imported","Imported"
"In more than a month","In more than a month"
"In queue","In queue"
"Ingnore Cron Job and send all Emails now","Ingnore Cron Job and send all Emails now"
"Installation file does not contain the necessary instructions.","Installation file does not contain the necessary instructions."
"Installation file does not contain the required "code" element.","Installation file does not contain the required "code" element."
"Installation file does not contain the required "name" element.","Installation file does not contain the required "name" element."
"Installation file does not contain the required "type" element.","Installation file does not contain the required "type" element."
"Invitaion Email Queue","Invitaion Email Queue"
"Invitation Email Problem Reports","Invitation Email Problem Reports"
"Invitation Email Queue","Invitation Email Queue"
"Invitation only","Invitation only"
"Invitation Rule Mode","Invitation Rule Mode"
"Invitation Rule Types","Invitation Rule Types"
"Invitation sender gets discount","Invitation sender gets discount"
"Invitation sender","Invitation sender"
"Invitation Timeline","Invitation Timeline"
"Invitation with a discount","Invitation with a discount"
"Invitations sent","Invitations sent"
"Invite your friends manually by entering their e-mail addresses and names.","Invite your friends manually by entering their e-mail addresses and names."
"Invite your friends","Invite your friends"
"invited before","invited before"
"Invited friends get discount","Invited friends get discount"
"Invited Friends","Invited Friends"
"Invited Friends:","Invited Friends:"
"Invitee","Invitee"
"Involvement","Involvement"
"It is easy to tell your friends about our store! Choose the service or tool and select the friends whom you want to invite.","It is easy to tell your friends about our store! Choose the service or tool and select the friends whom you want to invite."
"It is not possible to send emails at the moment.","It is not possible to send emails at the moment."
"It is simple! Choose the service or tool and select people you want to invite. Your friends will find a pleasant surprise in the invitation - a discount they can use at our store!","It is simple! Choose the service or tool and select people you want to invite. Your friends will find a pleasant surprise in the invitation - a discount they can use at our store!"
"It is simple! Choose the service or tool and select the friends whom you want to invite. Send the invitations in a click and get a discount at our store!","It is simple! Choose the service or tool and select the friends whom you want to invite. Send the invitations in a click and get a discount at our store!"
"It is simple! Choose the service or tool, select the friends and send them an invitation with a discount they can use at our store. You will get a discount for inviting your friends right after sending!","It is simple! Choose the service or tool, select the friends and send them an invitation with a discount they can use at our store. You will get a discount for inviting your friends right after sending!"
"Latest reason:","Latest reason:"
"LDIF Address Book","LDIF Address Book"
"Less than %s or %s %s","Less than %s or %s %s"
"Less than 1 %","Less than 1 %"
"Locking the queue for sending %d message(s)","Locking the queue for sending %d message(s)"
"Log out When Done","Log out When Done"
"Login to %s using the button above and allow cross-service communication.","Login to %s using the button above and allow cross-service communication."
"Login","Login"
"Magento Notification Inbox","Magento Notification Inbox"
"Mailru","Mailru"
"Manage Invitation Rule","Manage Invitation Rule"
"Manual Invitation Discount","Manual Invitation Discount"
"Manual Invitation","Manual Invitation"
"Manual Invitations","Manual Invitations"
"Maximum Discount Rule","Maximum Discount Rule"
"Maximum Discount","Maximum Discount"
"messages left:","messages left:"
"microsec","microsec"
"Min Number of Friends","Min Number of Friends"
"Month","Month"
"New Rule","New Rule"
"No contacts found. Please try to find your friends using others services.","No contacts found. Please try to find your friends using others services."
"No information available","No information available"
"No messages ready for sending are found","No messages ready for sending are found"
"No name","No name"
"No records found for this period.","No records found for this period."
"No valid rules found. The extension will be running in the default mode ("Invitation Only"). Please <a target="_blank" href="' . $link . '">use this link</a> to create a rule. All rules must be enabled and not have a conflict marker.","No valid rules found. The extension will be running in the default mode ("Invitation Only"). Please <a target="_blank" href="' . $link . '">use this link</a> to create a rule. All rules must be enabled and not have a conflict marker."
"No","No"
"Number of Friends Imported %s by Customer Type","Number of Friends Imported %s by Customer Type"
"Number of Friends Imported %s by Service","Number of Friends Imported %s by Service"
"Number of Friends Imported by the Customers:","Number of Friends Imported by the Customers:"
"Number of Friends Imported by the Visitors:","Number of Friends Imported by the Visitors:"
"Number of Friends Invited %s by Customer Type","Number of Friends Invited %s by Customer Type"
"Number of Friends Invited %s by Serice","Number of Friends Invited %s by Serice"
"Number of Friends Invited by the Customers:","Number of Friends Invited by the Customers:"
"Number of Friends Invited by the Visitors:","Number of Friends Invited by the Visitors:"
"Number of Friends who responded to Customer Invitations:","Number of Friends who responded to Customer Invitations:"
"Number of Friends who responded to Visitor Invitations:","Number of Friends who responded to Visitor Invitations:"
"Number of Invitees who Responded %s by Customer Type","Number of Invitees who Responded %s by Customer Type"
"Number of Invitees who Responded %s by Serice","Number of Invitees who Responded %s by Serice"
"Number of Orders","Number of Orders"
"OAuth Consumer Key","OAuth Consumer Key"
"OAuth Consumer Secret","OAuth Consumer Secret"
"of","of"
"On the next day","On the next day"
"On the same day","On the same day"
"Only %d recipients allowed.","Only %d recipients allowed."
"open & edit","open & edit"
"or %d %s","or %d %s"
"or select only the people you want to invite. That\'s it!","or select only the people you want to invite. That\'s it!"
"or","or"
"Order #","Order #"
"Order ID","Order ID"
"Order Profit","Order Profit"
"Order Status","Order Status"
"Order Trend","Order Trend"
"Orders","Orders"
"Other Discount Terms:","Other Discount Terms:"
"Pause between emails","Pause between emails"
"Pause the selected messages","Pause the selected messages"
"Paused","Paused"
"people","people"
"Percent","Percent"
"Percentage","Percentage"
"Period","Period"
"person","person"
"Personal Message","Personal Message"
"Placed By","Placed By"
"Please add a level.","Please add a level."
"Please add dynamic discount levels on the "Discount for Friends" tab.","Please add dynamic discount levels on the "Discount for Friends" tab."
"Please add dynamic discount levels on the "Discount for Senders" tab.","Please add dynamic discount levels on the "Discount for Senders" tab."
"please contact the store owner for more information.","please contact the store owner for more information."
"Please create a discount.","Please create a discount."
"Please enter "Rule Name".","Please enter "Rule Name"."
"Please enter a valid email address before uploading your address book.","Please enter a valid email address before uploading your address book."
"Please enter percent value for the level","Please enter percent value for the level"
"Please enter the names and email addresses of the friends  you want to invite.","Please enter the names and email addresses of the friends  you want to invite."
"Please enter your email address before uploading your address book.","Please enter your email address before uploading your address book."
"Please enter your email address.","Please enter your email address."
"Please enter your full name.","Please enter your full name."
"Please enter your name before uploading your address book..","Please enter your name before uploading your address book.."
"Please follow this link to update discounts","Please follow this link to update discounts"
"Please follow this link","Please follow this link"
"Please refer to exception.log file","Please refer to exception.log file"
"Please see exception.log file.","Please see exception.log file."
"Please select a fixed discount rule on the "Discount for Friends" tab.","Please select a fixed discount rule on the "Discount for Friends" tab."
"Please select a fixed discount rule on the "Discount for Senders" tab.","Please select a fixed discount rule on the "Discount for Senders" tab."
"Please select a valid discount rule on the "Discount for Friends" tab.","Please select a valid discount rule on the "Discount for Friends" tab."
"Please select a valid discount rule on the "Discount for Senders" tab.","Please select a valid discount rule on the "Discount for Senders" tab."
"Please select a valid discount rule on the "Manual Mode Discount" tab.","Please select a valid discount rule on the "Manual Mode Discount" tab."
"Please Select Amount Type","Please Select Amount Type"
"Please select customers.","Please select customers."
"Please Select Discount Configuration","Please Select Discount Configuration"
"Please Select Discount Type","Please Select Discount Type"
"Please select from existing discount rules.","Please select from existing discount rules."
"Please select message(s)","Please select message(s)"
"Please select option","Please select option"
"Please Select Rule Mode","Please Select Rule Mode"
"Please select rule(s)","Please select rule(s)"
"Please select the discount type for friends.","Please select the discount type for friends."
"Please select the discount type on the "Discount for Friends" tab.","Please select the discount type on the "Discount for Friends" tab."
"Please select the discount type on the "Discount for Senders" tab.","Please select the discount type on the "Discount for Senders" tab."
"Please select the friends you want to invite.","Please select the friends you want to invite."
"Please select the maximum discount rule on the "Discount for Friends" tab.","Please select the maximum discount rule on the "Discount for Friends" tab."
"Please select the maximum discount rule on the "Discount for Senders" tab.","Please select the maximum discount rule on the "Discount for Senders" tab."
"Please specify failed and new discounts","Please specify failed and new discounts"
"Please verify your email address. In order to invite your friends you need to enter a valid email address.","Please verify your email address. In order to invite your friends you need to enter a valid email address."
"Please verify your friends\' email addresses.","Please verify your friends\' email addresses."
"Plugin installation instructions not found.","Plugin installation instructions not found."
"Preparing data...","Preparing data..."
"Problem Description","Problem Description"
"Profit Trend","Profit Trend"
"Profit","Profit"
"Queue is locked, sending process is started","Queue is locked, sending process is started"
"Queued on","Queued on"
"Rating Condition","Rating Condition"
"Rating","Rating"
"Ratio","Ratio"
"Reassign all failed discounts","Reassign all failed discounts"
"Recipient","Recipient"
"Recipients Information:","Recipients Information:"
"remove all","remove all"
"Remove Email","Remove Email"
"remove message","remove message"
"Remove settings","Remove settings"
"Removing failed invitation messages from the queue will also delete the respective problem reports.\n\n The messages will be deleted permanently.","Removing failed invitation messages from the queue will also delete the respective problem reports.\n\n The messages will be deleted permanently."
"Reports","Reports"
"Requeue all failed invitations","Requeue all failed invitations"
"Requeue the selected invitations","Requeue the selected invitations"
"Requeued","Requeued"
"Responded Invitees","Responded Invitees"
"Responded Invitees:","Responded Invitees:"
"rule "' . $name . '" (rule id#' . $rule_id . ","rule "' . $name . '" (rule id#' . $rule_id . "
"Rule Exception #","Rule Exception #"
"Rule ID #%d (deleted)","Rule ID #%d (deleted)"
"Rule ID #%d. The rule was deleted.","Rule ID #%d. The rule was deleted."
"Rule in Use","Rule in Use"
"Rule Information","Rule Information"
"Rule Mode","Rule Mode"
"Rule model not loaded.","Rule model not loaded."
"Rule Name","Rule Name"
"Rule Rating by Profit %s","Rule Rating by Profit %s"
"Rule Rating by the Number of Friends Invited %s","Rule Rating by the Number of Friends Invited %s"
"Rule Rating by the Number of Invitees Who Responded %s","Rule Rating by the Number of Invitees Who Responded %s"
"Rule Rating by the Numer of Orders %s","Rule Rating by the Numer of Orders %s"
"Rule Rating","Rule Rating"
"Rule with id #%d can not be deleted because it is in use.","Rule with id #%d can not be deleted because it is in use."
"Rules","Rules"
"Sales Items","Sales Items"
"Sales Performance","Sales Performance"
"save & hide","save & hide"
"Save and Continue Edit","Save and Continue Edit"
"Save Config","Save Config"
"Save","Save"
"sec","sec"
"Secure token failed. Please try again.","Secure token failed. Please try again."
"Secure token failed. Please try re-uploading your address book.","Secure token failed. Please try re-uploading your address book."
"See <a onclick="$(\'adm-stw-details-expired\","See <a onclick="$(\'adm-stw-details-expired\"
"See <a onclick="$(\'adm-stw-details-soon\","See <a onclick="$(\'adm-stw-details-soon\"
"See discount information in a new tab","See discount information in a new tab"
"see my personal message","see my personal message"
"see options","see options"
"Select all friends from the address book","Select all friends from the address book"
"select all","select all"
"Select Amount","Select Amount"
"Select Discount Rule","Select Discount Rule"
"Select from the list of existing discounts.","Select from the list of existing discounts."
"Select people you want to invite from the list.","Select people you want to invite from the list."
"Select recipients","Select recipients"
"Select the discount type for the senders.","Select the discount type for the senders."
"Select the invitation rule for the current store.","Select the invitation rule for the current store."
"Selected Friends","Selected Friends"
"selected","selected"
"Send All Now","Send All Now"
"Send Invitations","Send Invitations"
"Sender Information:","Sender Information:"
"Sender","Sender"
"Senders and invitees get discount","Senders and invitees get discount"
"Sending email:","Sending email:"
"Sending request for processing messages...","Sending request for processing messages..."
"Sending","Sending"
"Sent","Sent"
"Service / Tool","Service / Tool"
"Service / Tool: ","Service / Tool: "
"Service does not support this type of authorization!","Service does not support this type of authorization!"
"Service Group","Service Group"
"Service Name","Service Name"
"Service Popularity Tree Map %s","Service Popularity Tree Map %s"
"Service Popularity Tree Map","Service Popularity Tree Map"
"Service Rule Exceptions for Friends","Service Rule Exceptions for Friends"
"Service Rule Exceptions for Senders","Service Rule Exceptions for Senders"
"Service Targeting For Friends","Service Targeting For Friends"
"Service Targeting for Friends: Please check the amounts of the discount levels in rule exception #%s. The greater the percentage of selected friends is, the greater the discount amount should be.","Service Targeting for Friends: Please check the amounts of the discount levels in rule exception #%s. The greater the percentage of selected friends is, the greater the discount amount should be."
"Service Targeting for Friends: Please enter a valid date range in rule exception #%s. "From Date" should be less than and not equal to the "To Date".","Service Targeting for Friends: Please enter a valid date range in rule exception #%s. "From Date" should be less than and not equal to the "To Date"."
"Service Targeting for Friends: Please enter a valid date range in rule exception #%s. Both "From Date" and "To Date" are necessary.","Service Targeting for Friends: Please enter a valid date range in rule exception #%s. Both "From Date" and "To Date" are necessary."
"Service Targeting for Friends: Please enter a valid value in the "Min Number of Friends" field for rule exception #%s.","Service Targeting for Friends: Please enter a valid value in the "Min Number of Friends" field for rule exception #%s."
"Service Targeting for Friends: Please enter valid percent values (0 to 100) for all dynamic discount levels in rule exception #%s.","Service Targeting for Friends: Please enter valid percent values (0 to 100) for all dynamic discount levels in rule exception #%s."
"Service Targeting for Friends: Please select a discount rule for rule exception #%s.","Service Targeting for Friends: Please select a discount rule for rule exception #%s."
"Service Targeting for Friends: Please select a discount type for rule exception #%s.","Service Targeting for Friends: Please select a discount type for rule exception #%s."
"Service Targeting for Friends: Please select a service for rule exception #%s.","Service Targeting for Friends: Please select a service for rule exception #%s."
"Service Targeting for Friends: Please select discount rules for all dynamic discount levels in rule exception #%s.","Service Targeting for Friends: Please select discount rules for all dynamic discount levels in rule exception #%s."
"Service Targeting for Friends: Some discount levels in rule exception #%s contain dublicate discount rule values.","Service Targeting for Friends: Some discount levels in rule exception #%s contain dublicate discount rule values."
"Service Targeting for Friends: Some discount levels in rule exception #%s contain duplicate percent values.","Service Targeting for Friends: Some discount levels in rule exception #%s contain duplicate percent values."
"Service Targeting for Friends: There are duplicate service rules that are in conflict with each other. Please add date ranges or "minimum number of friends" condition to resolve this problem.","Service Targeting for Friends: There are duplicate service rules that are in conflict with each other. Please add date ranges or "minimum number of friends" condition to resolve this problem."
"Service Targeting for Friends: There are duplicate service rules that are in conflict with each other. Please add date ranges or enter a different "minimum number of friends" condition to resolve this problem.","Service Targeting for Friends: There are duplicate service rules that are in conflict with each other. Please add date ranges or enter a different "minimum number of friends" condition to resolve this problem."
"Service Targeting For Senders","Service Targeting For Senders"
"Service Targeting for Senders: Please check the amounts of the discount levels in rule exception #%s. The greater the percentage of selected friends is, the greater the discount amount should be.","Service Targeting for Senders: Please check the amounts of the discount levels in rule exception #%s. The greater the percentage of selected friends is, the greater the discount amount should be."
"Service Targeting for Senders: Please enter a valid date range in rule exception #%s. "From Date" should be less than and not equal to the "To Date".","Service Targeting for Senders: Please enter a valid date range in rule exception #%s. "From Date" should be less than and not equal to the "To Date"."
"Service Targeting for Senders: Please enter a valid date range in rule exception #%s. Both "From Date" and "To Date" are necessary.","Service Targeting for Senders: Please enter a valid date range in rule exception #%s. Both "From Date" and "To Date" are necessary."
"Service Targeting for Senders: Please enter a valid value in the "Min Number of Friends" field for rule exception #%s.","Service Targeting for Senders: Please enter a valid value in the "Min Number of Friends" field for rule exception #%s."
"Service Targeting for Senders: Please enter valid percent values (0 to 100) for all dynamic discount levels in rule exception #%s.","Service Targeting for Senders: Please enter valid percent values (0 to 100) for all dynamic discount levels in rule exception #%s."
"Service Targeting for Senders: Please select a discount rule for rule exception #%s.","Service Targeting for Senders: Please select a discount rule for rule exception #%s."
"Service Targeting for Senders: Please select a discount type for rule exception #%s.","Service Targeting for Senders: Please select a discount type for rule exception #%s."
"Service Targeting for Senders: Please select a service for rule exception #%s.","Service Targeting for Senders: Please select a service for rule exception #%s."
"Service Targeting for Senders: Please select discount rules for all dynamic discount levels in rule exception #%s.","Service Targeting for Senders: Please select discount rules for all dynamic discount levels in rule exception #%s."
"Service Targeting for Senders: Some discount levels in rule exception #%s contain dublicate discount rule values.","Service Targeting for Senders: Some discount levels in rule exception #%s contain dublicate discount rule values."
"Service Targeting for Senders: Some discount levels in rule exception #%s contain duplicate percent values.","Service Targeting for Senders: Some discount levels in rule exception #%s contain duplicate percent values."
"Service Targeting for Senders: There are duplicate service rules that are in conflict with each other. Please add date ranges or "minimum number of friends" condition to resolve this problem.","Service Targeting for Senders: There are duplicate service rules that are in conflict with each other. Please add date ranges or "minimum number of friends" condition to resolve this problem."
"Service Targeting for Senders: There are duplicate service rules that are in conflict with each other. Please add date ranges or enter a different "minimum number of friends" condition to resolve this problem.","Service Targeting for Senders: There are duplicate service rules that are in conflict with each other. Please add date ranges or enter a different "minimum number of friends" condition to resolve this problem."
"Service","Service"
"Services","Services"
"Settings","Settings"
"Short Discount Alias","Short Discount Alias"
"Short Discount Aliases","Short Discount Aliases"
"Short Discounts","Short Discounts"
"Show Detailed Information","Show Detailed Information"
"Show Filter","Show Filter"
"Show Report","Show Report"
"Show Trend","Show Trend"
"Skipped","Skipped"
"Social Networks ","Social Networks "
"Social Networks","Social Networks"
"Some coupon codes will expire soon, this will affect Spread The Word extension work.","Some coupon codes will expire soon, this will affect Spread The Word extension work."
"Some important coupon code fields linked to this rule have been changed or the linked coupon code has been deleted. Please check all discounts linked to this rule.","Some important coupon code fields linked to this rule have been changed or the linked coupon code has been deleted. Please check all discounts linked to this rule."
"Some of your friends were skipped for one of the following reasons: you invited them before, some of your friends have disabled wall posts or you have exceeded Facebook limit for sending messages.","Some of your friends were skipped for one of the following reasons: you invited them before, some of your friends have disabled wall posts or you have exceeded Facebook limit for sending messages."
"Some service rule conditions were removed because of conflicting data.","Some service rule conditions were removed because of conflicting data."
"Some Spread The Word rules was desactivated because linked coupon code was expired.","Some Spread The Word rules was desactivated because linked coupon code was expired."
"Some Spread The Word rules were disabled because their coupon codes expired.","Some Spread The Word rules were disabled because their coupon codes expired."
"Sorry, the address book file is not found. Please try to upload a different file.","Sorry, the address book file is not found. Please try to upload a different file."
"Sorry, the invitation terms have been changed. Please start over. Thank you.","Sorry, the invitation terms have been changed. Please start over. Thank you."
"Sorry, the uploaded file is empty. Please try to upload a different file.","Sorry, the uploaded file is empty. Please try to upload a different file."
"Sorry, the uploaded file is not a valid address book file. Please try to upload a different file.","Sorry, the uploaded file is not a valid address book file. Please try to upload a different file."
"Sorry, this file extension doesn\'t correspond to the selected address book file type.","Sorry, this file extension doesn\'t correspond to the selected address book file type."
"Sorry, this service is not supported.","Sorry, this service is not supported."
"Sorry, this service is not supporteda","Sorry, this service is not supporteda"
"Sorry, this service is temporarily not supported!","Sorry, this service is temporarily not supported!"
"Sorry, your session has expired. Please start over. Thank you.","Sorry, your session has expired. Please start over. Thank you."
"Specific view template is not found.","Specific view template is not found."
"Specified view block file "%s" is not found.","Specified view block file "%s" is not found."
"Specified view block file must have the same name as the "code" installation package element.","Specified view block file must have the same name as the "code" installation package element."
"Specified view block is not found.","Specified view block is not found."
"Specified view template file "%s" is not found.","Specified view template file "%s" is not found."
"Specified view template file must have the same name as the "code" installation package element.","Specified view template file must have the same name as the "code" installation package element."
"Specified","Specified"
"Specify alphabet","Specify alphabet"
"Specify the maximum discount amount.","Specify the maximum discount amount."
"Spread The Word allows your customers to send and get discounts by inviting their friends from social networks and email services.","Spread The Word allows your customers to send and get discounts by inviting their friends from social networks and email services."
"Spread The Word extension is installed successfully.","Spread The Word extension is installed successfully."
"Spread The Word Rules","Spread The Word Rules"
"Spread The Word","Spread The Word"
"Start over.","Start over."
"Statistics by Customer Type","Statistics by Customer Type"
"Stats: ","Stats: "
"Status","Status"
"Status:","Status:"
"STW Profit Share","STW Profit Share"
"STW Sales Items Share","STW Sales Items Share"
"STW Sales Items","STW Sales Items"
"Subtotal","Subtotal"
"Sum Up Data Per Period","Sum Up Data Per Period"
"SWT Order Share","SWT Order Share"
"System error","System error"
"System exception (see exception.log)","System exception (see exception.log)"
"Take contacts from %s","Take contacts from %s"
"Take your contacts","Take your contacts"
"Targeting for Friends","Targeting for Friends"
"Targeting for Senders","Targeting for Senders"
"Thank you for choosing Add In Mage:: Spread The Word extension.","Thank you for choosing Add In Mage:: Spread The Word extension."
"Thank You for inviting your friends!","Thank You for inviting your friends!"
"Thanks for inviting your friends!","Thanks for inviting your friends!"
"The configuration has been saved.","The configuration has been saved."
"The discount codes are in your friends\' inboxes!","The discount codes are in your friends\' inboxes!"
"The Discount has been updated.","The Discount has been updated."
"The emails are sent successfully","The emails are sent successfully"
"The following coupon codes have expired: %s. Please check Shopping Cart Price Rule configuration.","The following coupon codes have expired: %s. Please check Shopping Cart Price Rule configuration."
"The following discounts associated with this rule expired: %s. Please check Shopping Cart Price Rules or assign a different discount for the STW rule.","The following discounts associated with this rule expired: %s. Please check Shopping Cart Price Rules or assign a different discount for the STW rule."
"The following discounts associated with this rule has expired: %s. Please check Shopping Cart Price Rule configuration.","The following discounts associated with this rule has expired: %s. Please check Shopping Cart Price Rule configuration."
"The given discount has expired","The given discount has expired"
"The given discount has expired. The user was promised %s.","The given discount has expired. The user was promised %s."
"The given discount has expired.","The given discount has expired."
"The given discount no longer exists","The given discount no longer exists"
"The given discount no longer exists. The user was promised %s.","The given discount no longer exists. The user was promised %s."
"The given discount no longer exists.","The given discount no longer exists."
"The invitation is sent","The invitation is sent"
"The invitations cannot be sent to some of your friends for one of the following reasons: you invited them before, they are existing customers or they are in line for getting an invitation.","The invitations cannot be sent to some of your friends for one of the following reasons: you invited them before, they are existing customers or they are in line for getting an invitation."
"The invitations cannot be sent to those of your friends whom you invited before.","The invitations cannot be sent to those of your friends whom you invited before."
"The messages with the following ids cannot be deleted because they are being sent: %s.","The messages with the following ids cannot be deleted because they are being sent: %s."
"The messages with the following ids cannot be paused because they are being sent: %s.","The messages with the following ids cannot be paused because they are being sent: %s."
"The messages with the following ids cannot be paused because they are failed: %s.","The messages with the following ids cannot be paused because they are failed: %s."
"The more friends you invite - the bigger discount they get!","The more friends you invite - the bigger discount they get!"
"The more friends you invite - the bigger discount you get!","The more friends you invite - the bigger discount you get!"
"The plugin common file name must have the same name as the "code" installation package element.","The plugin common file name must have the same name as the "code" installation package element."
"The plugin css file "%s" does not exist.","The plugin css file "%s" does not exist."
"The plugin css file is not specified.","The plugin css file is not specified."
"The plugin css file name must have the same name as the "code" installation package element.","The plugin css file name must have the same name as the "code" installation package element."
"The plugin file does not exist.","The plugin file does not exist."
"The plugin file is not specified.","The plugin file is not specified."
"The plugin image file "%s" does not exist.","The plugin image file "%s" does not exist."
"The plugin image file is not specified.","The plugin image file is not specified."
"The queue is locked for sending %d message(s). All messages will be processed in the background. You can safely leave or refresh this page.","The queue is locked for sending %d message(s). All messages will be processed in the background. You can safely leave or refresh this page."
"The rule does not exist.","The rule does not exist."
"The rule has been deleted.","The rule has been deleted."
"The rule has been saved.","The rule has been saved."
"The secure token failed or your session has expired. Please try again.","The secure token failed or your session has expired. Please try again."
"The secure token failed. Please try again.","The secure token failed. Please try again."
"The selected discount was successfully applied to %d failed message(s).","The selected discount was successfully applied to %d failed message(s)."
"The selected messages will be deleted permanently.","The selected messages will be deleted permanently."
"The selected rule is enabled.","The selected rule is enabled."
"The uploaded file is too large. The maximum file size is: %s.","The uploaded file is too large. The maximum file size is: %s."
"There are no messages ready for sending.","There are no messages ready for sending."
"There are no messages ready to be paused.","There are no messages ready to be paused."
"There are no messages ready to be unpaused.","There are no messages ready to be unpaused."
"There are no non-activated accounts found for this period.","There are no non-activated accounts found for this period."
"There are no non-activated accounts found.","There are no non-activated accounts found."
"There is a problem with the service connection or the service provider secure token has expired. Please try to invite your friends in a few minutes.","There is a problem with the service connection or the service provider secure token has expired. Please try to invite your friends in a few minutes."
"This discount is linked to the following Spread The Word extension rules: %s","This discount is linked to the following Spread The Word extension rules: %s"
"This plugin type is not allowed.","This plugin type is not allowed."
"This rule cannot be used until the errors above are fixed.","This rule cannot be used until the errors above are fixed."
"This rule is currently used in %s. Be careful when editing it. If a conflict is detected, all stores where this rule is used will inherit the default configuration rule.","This rule is currently used in %s. Be careful when editing it. If a conflict is detected, all stores where this rule is used will inherit the default configuration rule."
"This rule is currently used in %s. Be careful when editing it. If a conflict is detected, the STW extension will switch to the default mode "Invitation Only".","This rule is currently used in %s. Be careful when editing it. If a conflict is detected, the STW extension will switch to the default mode "Invitation Only"."
"This rule is in use","This rule is in use"
"This rule is no longer in use because it contains errors. All stores where this rule was used have inherited the rule of the default configuration scope.","This rule is no longer in use because it contains errors. All stores where this rule was used have inherited the rule of the default configuration scope."
"This rule is no longer in use because it contains errors. The STW Extension switched to the default mode "Invitation Only".","This rule is no longer in use because it contains errors. The STW Extension switched to the default mode "Invitation Only"."
"This verification code is wrong. Please try again.","This verification code is wrong. Please try again."
"to %s","to %s"
"To complete authorization, please copy the verification code received in the %s pop-up window and paste it below: ","To complete authorization, please copy the verification code received in the %s pop-up window and paste it below: "
"To Date","To Date"
"To ensure correct status bar update, please see how to increase the server request timeout on Add In Mage:: website.","To ensure correct status bar update, please see how to increase the server request timeout on Add In Mage:: website."
"To","To"
"today","today"
"Total Invited","Total Invited"
"Total of %d  message(s) can not be processed because the invitation discounts have expired. Please update the discounts and try to requeue again. %s","Total of %d  message(s) can not be processed because the invitation discounts have expired. Please update the discounts and try to requeue again. %s"
"Total of %d  message(s) can not be processed because the invitation discounts have expired. Please update the discounts and try to requeue again.","Total of %d  message(s) can not be processed because the invitation discounts have expired. Please update the discounts and try to requeue again."
"Total of %d  message(s) can not be processed because they are alredy requeued.","Total of %d  message(s) can not be processed because they are alredy requeued."
"Total of %d  message(s) could not be processed. It is necessary to reassign discounts manually. %s","Total of %d  message(s) could not be processed. It is necessary to reassign discounts manually. %s"
"Total of %d failed message(s) were successfully deleted from the queue!","Total of %d failed message(s) were successfully deleted from the queue!"
"Total of %d failed message(s) were successfully requeued.","Total of %d failed message(s) were successfully requeued."
"Total of %d message(s) were successfully deleted.","Total of %d message(s) were successfully deleted."
"Total of %d message(s) were successfully paused.","Total of %d message(s) were successfully paused."
"Total of %d message(s) were successfully unpaused.","Total of %d message(s) were successfully unpaused."
"Total of %d rule(s) were successfully deleted.","Total of %d rule(s) were successfully deleted."
"Total Orders via STW","Total Orders via STW"
"total profit %s","total profit %s"
"Total Profit","Total Profit"
"Total STW Profit","Total STW Profit"
"Total STW Profit: ","Total STW Profit: "
"Total","Total"
"Trend","Trend"
"Twitter is over capacity. Please try again in a few minutes.","Twitter is over capacity. Please try again in a few minutes."
"Unable to connect to Facebook. Please try again in a few minutes.","Unable to connect to Facebook. Please try again in a few minutes."
"Unable to connect to Google Gmail Service. Please try again in a few minutes.","Unable to connect to Google Gmail Service. Please try again in a few minutes."
"Unable to connect to LinkedIn Service. Please try again in a few minutes.","Unable to connect to LinkedIn Service. Please try again in a few minutes."
"Unable to connect to Mailru Service. Please try again in a few minutes.","Unable to connect to Mailru Service. Please try again in a few minutes."
"Unable to connect to Vk Service. Please try again in a few minutes.","Unable to connect to Vk Service. Please try again in a few minutes."
"Unable to connect to Windows Live Service. Please try again in a few minutes.","Unable to connect to Windows Live Service. Please try again in a few minutes."
"Unable to connect to Yahoo Service. Please try again in a few minutes.","Unable to connect to Yahoo Service. Please try again in a few minutes."
"Unable to connect to Yammer Service. Please try again in a few minutes.","Unable to connect to Yammer Service. Please try again in a few minutes."
"Unable to deactivate Spread The Word Rules associated with expired coupon codes.","Unable to deactivate Spread The Word Rules associated with expired coupon codes."
"Unable to delete the rule. The rule is not found.","Unable to delete the rule. The rule is not found."
"Unable to find the rule to be deleted.","Unable to find the rule to be deleted."
"Unable to save configuration.","Unable to save configuration."
"Unable to save cron expression.","Unable to save cron expression."
"Unable to save the rule.","Unable to save the rule."
"Unable to use the rule.","Unable to use the rule."
"Unpause the selected messages","Unpause the selected messages"
"Update discounts & Requeue","Update discounts & Requeue"
"Upload","Upload"
"Use Default","Use Default"
"Use It","Use It"
"use template","use template"
"Use this rule for the current store","Use this rule for the current store"
"Use Website","Use Website"
"vCard Address Book","vCard Address Book"
"Verification Code:","Verification Code:"
"Via Cron Job at an interval","Via Cron Job at an interval"
"Via Cron Job daily at specific time","Via Cron Job daily at specific time"
"View Profile","View Profile"
"View","View"
"Visitor","Visitor"
"Visitors","Visitors"
"Visualization Condition","Visualization Condition"
"Vk","Vk"
"We sincerely hope that you and your close friends will be satisfied with the level of our service.","We sincerely hope that you and your close friends will be satisfied with the level of our service."
"We thank you for inviting your friends to our store!","We thank you for inviting your friends to our store!"
"We will not ask you for login information.","We will not ask you for login information."
"While updating the status, your server closed the connection according to the request timeout settings.","While updating the status, your server closed the connection according to the request timeout settings."
"with the amount:","with the amount:"
"Wrong rule mode.","Wrong rule mode."
"Yahoo Mail","Yahoo Mail"
"Year","Year"
"Yes","Yes"
"You can refresh this page safely. All emails will be sent in the backgroud.","You can refresh this page safely. All emails will be sent in the backgroud."
"You cannot delete a rule that is currently in use.","You cannot delete a rule that is currently in use."
"You denied access to your friend list. You need to allow access in order to invite your friends. Please try again.","You denied access to your friend list. You need to allow access in order to invite your friends. Please try again."
"You have exceeded LinkedIn limit for sending direct messages. Please try again later.","You have exceeded LinkedIn limit for sending direct messages. Please try again later."
"You have exceeded Twitter limit for sending direct messages. Please try again in %s minutes.","You have exceeded Twitter limit for sending direct messages. Please try again in %s minutes."
"You have exceeded Yammer limit for sending direct messages. Please try again later.","You have exceeded Yammer limit for sending direct messages. Please try again later."
"You have just installed Spread The Word extension. Please see the user guide for information about configuration.","You have just installed Spread The Word extension. Please see the user guide for information about configuration."
"You have successfully invited your friends!","You have successfully invited your friends!"
"You invited the selected friends before and  they will receive you invitations soon. We can\'t send the same invitation twice.","You invited the selected friends before and  they will receive you invitations soon. We can\'t send the same invitation twice."
"Your %s Discount Code:","Your %s Discount Code:"
"Your discount is:","Your discount is:"
"Your discount:","Your discount:"
"Your Email Address","Your Email Address"
"Your Email Address:","Your Email Address:"
"Your friends\' discount is:","Your friends\' discount is:"
"Your Name","Your Name"
"Your Name:","Your Name:"
"Your session has expired. Please start over. Thank you.","Your session has expired. Please start over. Thank you."
"{{var store}} and {{var page}} tags are required. Do not modify or remove them.","{{var store}} and {{var page}} tags are required. Do not modify or remove them."
"{{var store}}, {{var amount}}, {{var code}} and {{var page}} tags are required. Do not modify or remove them.","{{var store}}, {{var amount}}, {{var code}} and {{var page}} tags are required. Do not modify or remove them."